name,already_in_library,source_block_ref
Abbey,no,A
Absinthe Green,yes,A
Abyss,no,A
Acacia,no,A
Academy Blue,no,A
Acajou Red,yes,A
Aden,no,A
Admiral,no,A
Adobe,yes,A
Adrianople Red,no,A
Aero,yes,A
African Green,no,A
Alabaster,no,A
Alexandria Blue,no,A
Alfalfa,no,A
Alice Blue,yes,A
Almond,yes,A
Alpine Blue,no,A
Amber,yes,A
Amberglow,no,A
Amethyst,yes,A
Anemone,no,A
Angel Blue,no,A
Indian Red,yes,IJK
Indian Yellow,yes,IJK
Intense Blue,no,IJK
International Orange,no,IJK
Invisible Green,yes,IJK
Iris,yes,IJK
Ivory,yes,IJK
Ivy Green,yes,IJK
Jacaranda Brown,no,IJK
Jade,yes,IJK
Jonquil,yes,IJK
Jewel Green,no,IJK
King's Yellow,yes,IJK
Yellow Beige,no,YZ
Yellow Green,yes,YZ
Yosemite,no,YZ
Yucca,no,YZ
Yule Tree,no,YZ
Zaffre Blue,no,YZ
Kis Kilim,no,IJK
